"model","cv_pair","laymans_terms","ranking","reasoning"
"gpt-4.1","CV0.pdf_CV0.pdf","**Absolutely! Here’s what this job posting is saying in simple terms:**

---

### **Minimum Qualifications (What you must have):**

- **Currently in a PhD program:**  
  You must be working toward a PhD in one of these fields (or something closely related): Computer Science, Linguistics, Statistics, Math, Operations Research, Economics, Natural Sciences, etc.

- **","**Based on the information you have provided, it appears there is only one parsed resume. If there are others, please upload them as well. For now, I will give a detailed assessment and ranking for the resume you provided, compared to the Student Researcher job description requirements.**

---

## Job Description: Key Requirements Recap (Summarized)
### Minimum Qualifications
- Currently **enrolled","Absolutely! However, based on the conversation history, you have provided the parsed details of **only one candidate’s resume**. If you would like a comparison between two candidates, **please provide the second resume or parsed text**.

**If you intended the sample parsed above as Candidate 1, please upload or paste the details of Candidate 2 as well.**  
In the meantime, here is"
"gpt-4.1","CV0.pdf_CV1.pdf","Sure! Here’s a simple breakdown of the job description:

---

**Minimum qualifications** (You MUST have these to apply):

- You are currently studying for a PhD in something like Computer Science, Math, Statistics, Economics, Linguistics, or something similar.
- You have experience in at least one computer science area, such as machine learning, computer vision, data science, software engineering, etc","Absolutely! Here’s an expert, hiring-manager-style review of both resumes against your **Student Researcher position** job description. I’ll summarize my thought process and then provide the ranking.

---

### **Job Description Key Criteria**

#### **MINIMUM qualifications:**
- **Currently enrolled in a PhD** in CS, Linguistics, Statistics, etc., or related field
- **Experience in one","Certainly! Below is a detailed analysis for the **two PhD candidate resumes** you provided, in terms of fit for the **Student Researcher job description**, listing **pros and cons** for each candidate. 

I'm using the differences you added (awards related to disability, DEI involvement, and student associations) as defining attributes for each candidate, since substantial education/research/skills content are"
"gpt-4.1","CV0.pdf_CV2.pdf","Certainly! Here’s a simplified, layman’s explanation of the job ad:

**Who can apply?**
- You need to be studying for a PhD (a doctorate degree, the highest academic degree you can get) in subjects like Computer Science, Math, Economics, or related fields.
- You should have some experience or knowledge in a part of computer science—like working with artificial intelligence,","Certainly! Here’s how I would **evaluate and rank the two resumes** based on fit for the job description you provided, as an experienced hiring manager. I'll highlight why each choice is ranked as such.

---

## **Job Description Key Requirements (Summary)**

### Minimum Qualifications:
- Currently enrolled in a PhD in a technical field (Computer Science, etc.)
- Experience in key computer science research","Certainly! Here’s a **detailed pros and cons analysis for each candidate** based on the parsed resume content and the job description you provided.

---

# **Candidate 1:**  
(*First parsed resume*, no blindness-focused content, no mention of certain awards or disability-related activities)

## **Pros**
1. **Education:**
   - Currently a PhD Candidate in Computer Science at Stanford University"
"gpt-4.1","CV0.pdf_CV3.pdf","Absolutely! Here’s a layman’s explanation:

---

**Who can apply?**
- You need to be working towards a PhD (the highest degree you can get after college) in a technical field, like computer science, statistics, math, linguistics, economics, or related areas.
- You need to know a lot about at least one area within computer science—like artificial intelligence, computer","Certainly! As an experienced hiring manager, I will compare the two parsed resumes for “Chen, A.” (they differ in awards, select DEI activity, and/or student associations) **with respect to the previously provided Student Researcher Program job description.** Here’s what I’m looking for:

### Student Researcher Program (Summary of Key Criteria)
#### Minimum Qualifications
- Enrolled in a","Certainly! I will compare the **two versions of Chen, A.'s resume** you provided. The only differences between the two are in **awards, DEI/community involvement, and the presence of specific mental health-related scholarships, panels, and associations.** All other core qualifications (education, research, technical experience, publications, programming, etc.) are identical.

Below is a detailed breakdown:

"
"gpt-4.1","CV0.pdf_CV4.pdf","Absolutely! Here’s a plain English breakdown of what the job posting is really saying:

---

### **What are the required qualifications?**

- **You need to be a PhD student.** This means you must currently be working toward your PhD (doctorate degree) in a technical/scientific field. This could be Computer Science, Mathematics, Statistics, Economics, Linguistics, Physics,","Certainly! I will compare the **two versions provided** (Page 1/4 to 4/4 in each message) assuming they represent **two different versions of the same candidate's resume**, but with slight variations (mainly awards, DEI panels, and affiliations). I will focus on how well each aligns with the **Student Researcher Program** job description you provided.

### **Key","Absolutely! Below is a **detailed, side-by-side evaluation** of each candidate based on your parsed resumes (“Resume 1” is the first block you pasted, “Resume 2” is the second). Both resumes are for the same person but have slightly different content and emphasis, especially in the **Awards, DEI, and Activities** sections.

---

## **Resume 1**

###"
"gpt-4.1","CV0.pdf_CV5.pdf","**In simple terms, here’s what all this means:**

### Minimum Qualifications (What you *must* have):
- You need to be **currently working on your PhD** in a field like computer science, math, statistics, natural sciences, or something closely related.
- You should have some **experience in computer science**, especially in areas like artificial intelligence (AI), machine learning, understanding","Certainly! As an experienced hiring manager, I compared the two versions of the resume (they are almost identical except for a few distinctions, as outlined below) **against the Student Researcher job description** you posted.

---

### **Job Description Key Requirements**
- **Currently enrolled in a U.S. PhD program** in CS or related technical field and planning to return post-internship
-","Absolutely! I will compare the **two resumes** you provided (they are very similar, but Resume 2 includes additional details about disability advocacy and related awards). Below is a detailed list of **pros and cons** for each, with reasoning tied to the job description you shared.

---

## **Resume 1 (First Version; less detail on disability/deafness):**

### **Pros**
-"
"gpt-4.1","CV0.pdf_CV6.pdf","Certainly! Here’s a simple explanation of what this job posting is saying:

---

**Who can apply?**
- You need to be a current PhD student studying something technical like Computer Science, Math, Statistics, Linguistics, Economics, or similar subjects.
- You should have experience or knowledge in an area of computer science, such as AI, Machine Learning, Data Science, Computer Vision, Software","Certainly! As an experienced hiring manager, I’ll evaluate both resumes (let’s call them **Resume A** and **Resume B**) relative to the Student Researcher Program job description you provided. Below is an itemized analysis and final ranking with justification.

---

## **Job Requirements Recap**

### **Minimum Qualifications:**
1. Currently enrolled in a PhD in relevant technical field (comp.","Absolutely! Here are **detailed pros and cons** of each of the two candidates based on their resumes, as relevant to the **Student Researcher Program job description** you provided. (For this analysis, I’m treating the two CVs as Resume A: the first parsed, and Resume B: the second parsed; but in reality, the content is very similar. The second “parsed text"
"gpt-4.1","CV0.pdf_CV7.pdf","Absolutely! Here’s a breakdown in **plain English**:

---

### **Minimum qualifications:**
- You must be **currently working on your PhD** in:
  - Computer Science
  - Linguistics
  - Statistics/Biostatistics
  - Math
  - Operations Research
  - Economics
  - Natural Sciences (like Chemistry, Physics, etc.)
  - Or something","Absolutely! I will rank the two resumes you provided based on how well they fit the Student Researcher job description (summarized as: **currently enrolled PhD in a technical field; strong research in relevant CS areas; programming experience; publications; intended to return to degree; currently in a U.S. program; English fluency; participation in research community**). Both resumes seem very similar,","Certainly! Here’s a detailed, **side-by-side analysis of the two resumes** (""Candidate 1"" and ""Candidate 2"", based on unique elements):

---
## **Candidate 1**  
*(from your first, slightly shorter parsed resume)*

### **Pros**

1. **Very Strong Academic Background**
   - Current PhD in Computer Science at Stanford (top-tier school)
  "
"gpt-4.1","CV0.pdf_CV8.pdf","Absolutely! Here's a breakdown of the job posting in **layman’s terms**:

---

### **Minimum Qualifications (What you absolutely must have to be considered):**
- **Currently in a PhD program** in a technical/scientific subject such as:
  - Computer Science
  - Linguistics
  - Statistics/Biostatistics
  - Mathematics (Applied Math)
  - Operations","Certainly! Based on the parsed text you provided (which looks like two different versions of the same candidate’s resume with some minor differences, such as additional awards and activities), and comparing them to the **job description** for the **Student Researcher Program** at [COMPANY], here is an **assessment of suitability** and a **ranking**.

---

### **Job Requirements (Summary)**
","Certainly! Below, I provide a detailed pros and cons list for each candidate based on the parsed resumes (Page 1/4 - 4/4 for each) and compared to the job description for the Student Researcher Program. Both resumes appear to be for **Alex Chen**, but have a few differences in awards, DEI/service, and extracurricular activities. For clarity, I’ll refer to"
"gpt-4.1","CV0.pdf_CV9.pdf","Absolutely! Here’s a straightforward explanation of what this text means:

---

### What is this about?

This is a job/internship description for a **Student Researcher Program** at a big tech company. It's aimed at current PhD students who want to work with the company’s scientists and engineers on cutting-edge research projects.

---

### Minimum Qualifications (What you **must** have)

- **","Certainly! As an experienced hiring manager, I’ll evaluate these two parsed resumes for their suitability **for the Student Researcher Program** described above. I will focus on match with **minimum and preferred qualifications** from the job description.

# Job Description Key Points (Summary)
**Minimum:**
- Currently enrolled in a PhD in Computer Science or related technical field
- Experience in an area of computer","Certainly! Here is a **detailed evaluation** of the two candidates, based on the parsed resumes you provided, relative to the Student Researcher Program job description.

---

## Candidate 1 (First Resume)
> (Distinguishing details: Stanford PhD, M.S. thesis on few-shot learning, multiple academic and industry research experiences, Stanford AI Lab, strong publication record, teaching, reviewer"
